{
  "final_fve": 0.8057635426521301,
  "best_fve": 0.8558564186096191,
  "mean_fve": 0.6298682200908661,
  "std_fve": 0.23202683789573406,
  "test_fve": -0.07807122667630513,
  "test_mse": 13.390720102522108,
  "baseline_mse": 12.512751579284668,
  "num_steps": 300
}