{
  "test_fve": 0.7791457176208496,
  "final_loss": 19.5205020904541,
  "epochs": 300,
  "latent_dim": 128
}