{
  "final_fve": 0.42474293313696365,
  "best_fve": 0.4518567594884048,
  "mean_fve": 0.3879356206553537,
  "std_fve": 0.05155507007271785,
  "fve_by_layer_mean": 0.44748914830182357,
  "fve_by_layer_std": 0.051442483236807474
}